,gene_name,AUROC,avg_diff,cluster_revised
0,Nts,0.9592005300197871,2.1802678,1
1,Ctxn3,0.926402338962366,1.612167,1
2,Rprm,0.9242527751568519,1.4248949,1
3,Alcam,0.9222691459997914,1.2087055,1
4,Pcp4,0.9202327139370416,1.1014631,1
5,Plcb4,0.8425174580365598,0.7954289,1
6,Col25a1,0.8329712996178888,0.87227213,1
7,Dgkb,0.8306460902847145,0.7998171,1
8,Vsnl1,0.8222595322293764,0.73508906,1
9,Bdnf,0.8198111768092552,0.8074169,1
10,Nrn1,0.8178311892318975,0.71450377,1
11,Cnih3,0.8028420223245829,0.7098026,1
12,Cox6a2,0.7484666825196771,0.7145242,1
13,Npy,0.6492471094657645,0.8136784,1
14,Tac1,0.4717834017525466,1.0230215,1
15,Tac2,0.46526005795209935,1.1308585,1
16,Sst,0.4533647164672113,1.4815885,1
17,Gad1,0.3661893648150327,0.88577145,1
18,Synpr,0.3618387695442065,0.7774112,1
19,Gad2,0.3563266317342064,0.98977804,1
20,Dlk1,0.34268005457028566,1.406014,1
21,Rab3c,0.32681666576234103,0.71115303,1
22,Unc5d,0.2989692630037473,0.7060325,1
23,Ngb,0.28685694406157275,0.77719474,1
24,Tmem158,0.28348654066072576,0.70412993,1
25,Ctxn1,0.27085723878675677,0.79104745,1
26,Nrxn3,0.26933499777802944,1.1801388,1
27,Nnat,0.2602757792586059,0.94196796,1
28,Fxyd6,0.25922906786605737,0.7664033,1
29,Atp8a1,0.25316547350307705,0.75535935,1
30,AW551984,0.23991582852675158,0.82106495,1
31,Ap1s2,0.23169939293652494,0.8367193,1
32,Negr1,0.22934116661404588,0.8787783,1
33,Gap43,0.15089334626336898,1.2286038,1
34,Serpini1,0.9386697085248821,1.3759333,2
35,Gpr83,0.879461869608123,1.0333203,2
36,Fam19a1,0.8732262035340111,1.0048487,2
37,Ntm,0.8712286516911883,0.8230742,2
38,Calb1,0.8595846041171676,1.0507436,2
39,Tshz2,0.8538778534612885,0.93366694,2
40,Spock3,0.8424655555975807,0.77871746,2
41,Foxb1,0.8385779026307375,0.9112532,2
42,Pcp4,0.834841798157693,0.7363055,2
43,Nxph4,0.823332622725913,0.7655615,2
44,Adarb2,0.8166509072279091,0.75817674,2
45,Kitl,0.7877446867768567,0.7758318,2
46,Lypd1,0.7555683541300618,0.77917206,2
47,Hopx,0.7263954839752295,0.7290689,2
48,Postn,0.6941787498581651,0.71647847,2
49,Tac2,0.4720151909528214,1.0714234,2
50,Sst,0.4620016435661948,1.4283638,2
51,Tac1,0.4179520924523178,1.4342605,2
52,Synpr,0.37177269617062836,0.7187422,2
53,Gad1,0.37168596195041115,0.86096895,2
54,Calb2,0.36873166890737225,0.85873747,2
55,Gad2,0.3634513686642758,0.95566726,2
56,Dlk1,0.34674905701249176,1.4143386,2
57,Nxph1,0.3192827621539657,0.71577966,2
58,Epha5,0.3071379942303263,0.74086857,2
59,Nrxn3,0.3033056998738099,1.0718781,2
60,Rab3c,0.2535288535266186,0.99937344,2
61,Brinp3,0.24830253652464834,0.7978265,2
62,Syn2,0.18282232636823448,0.8479887,2
63,Onecut2,0.9133677933471313,1.2984842,3
64,Slc24a2,0.9071551289133151,1.2579263,3
65,Cpne9,0.888946938920587,0.98898876,3
66,Cadm2,0.88696333219127,0.9487598,3
67,Cnih3,0.885565178604725,0.97178584,3
68,Pvalb,0.8830540230929871,1.5977557,3
69,Ndrg4,0.8807528528276556,0.72214985,3
70,Reps2,0.8760405304301617,0.8446063,3
71,Rgs7bp,0.8673111021377562,0.96532583,3
72,Plcb4,0.8645557286131157,0.90324116,3
73,Kcna2,0.8556479985922321,0.87227523,3
74,Pcdh20,0.8417496410658014,0.87450063,3
75,Kit,0.8390295200070854,0.8197086,3
76,Dgkb,0.8352424291687645,0.79027367,3
77,Tmem196,0.8317229365945068,0.7741564,3
78,Hcn1,0.8304888089444536,0.8093174,3
79,Serpini1,0.827948519163357,0.88887537,3
80,Tanc1,0.8277821624853164,0.7408893,3
81,Scn1b,0.8255332882334844,0.70310163,3
82,Grm2,0.8226897107083591,0.74007475,3
83,Rprm,0.8212988406891538,0.8448765,3
84,Nefl,0.8211930104557066,0.7016276,3
85,Nefm,0.8191200343551303,0.93269324,3
86,Scn1a,0.8149490995180027,0.75769305,3
87,Kcnab3,0.8143654672670656,0.8136891,3
88,Cartpt,0.8104750954438664,0.7753979,3
89,Nxph4,0.8061697787893195,0.70526916,3
90,Hlf,0.8061020416130594,0.71035606,3
91,Pcsk2,0.7959463451641774,0.7104093,3
92,Lgi2,0.7954649013630176,0.71191233,3
93,Kcna6,0.7897180210605809,0.8303956,3
94,Npy,0.7733859323432343,0.7271668,3
95,Nefh,0.754599208596707,0.75845635,3
96,Tac2,0.4820847550856781,1.0025413,3
97,Sst,0.4625615898454252,1.4606105,3
98,Tac1,0.40206966936100386,1.613836,3
99,Gad1,0.3739080475844195,0.8493019,3
100,Gad2,0.3634431637019634,0.9500983,3
101,Dlk1,0.3530259871855829,1.3827945,3
102,Synpr,0.352159315507822,0.79807806,3
103,Calb2,0.3255160261788891,1.1515968,3
104,Nxph1,0.3199918773657026,0.72462547,3
105,Nrgn,0.2869241174647126,1.0435532,3
106,Nnat,0.28602372287016836,0.84021074,3
107,Epha5,0.26948492651171896,0.84272313,3
108,Ngb,0.266723070612146,0.8328713,3
109,Nrxn3,0.2659273408802745,1.1782657,3
110,Alcam,0.24619426322928906,1.0830224,3
111,AW551984,0.24501796710391377,0.8138303,3
112,Fabp5,0.22765823987059725,0.8830774,3
113,Vat1,0.22131447122466488,0.8072152,3
114,Fxyd7,0.21002239259942945,0.81736904,3
115,Rab3c,0.20990141254591563,1.1519634,3
116,Atp8a1,0.20798838358412114,0.9001416,3
117,Ctxn1,0.1950400217458187,1.0643888,3
118,Pgrmc1,0.19469849527325617,0.736222,3
119,Ly6h,0.1716787078601928,0.7783923,3
120,Zcchc12,0.16313974485372262,0.8809092,3
121,Baiap3,0.16008749312431245,1.0134263,3
122,Resp18,0.15384736964162518,1.2500194,3
123,Opcml,0.1529190061484962,1.0973752,3
124,Gap43,0.14084066642893103,1.2992973,3
125,Tmsb4x,0.13536502617422758,0.84621406,3
126,Hap1,0.10712364933527252,1.222749,3
127,Fxyd6,0.10694301686524585,1.506576,3
128,6330403K07Rik,0.09516811056105612,1.1296592,3
129,Ahi1,0.06809749433629804,1.4057497,3
130,Calb1,0.9237856752773373,1.3758081,4
131,Dgkb,0.8770683965017048,0.9493995,4
132,Adcyap1,0.8642934857220268,0.9594548,4
133,Cox6a2,0.8514044527608556,0.98915404,4
134,Cck,0.8171785634152228,0.80208266,4
135,Foxb1,0.8117053555175082,0.76372707,4
136,Rasgrp1,0.8011670459651731,0.7458485,4
137,Col19a1,0.7777096458341776,0.74804825,4
138,Nos1,0.7635633335772616,0.71427023,4
139,Fign,0.7447908092635522,0.7400833,4
140,Tac2,0.497556382224034,1.0137166,4
141,Sst,0.4683425552361639,1.4167981,4
142,Nts,0.412356281346557,0.95475495,4
143,Tac1,0.398686052721182,1.6117965,4
144,Synpr,0.3692475495784374,0.7252679,4
145,Gad1,0.3653782814663036,0.87571365,4
146,Gad2,0.35470673865173746,0.9864304,4
147,Dlk1,0.33900015180004006,1.4229914,4
148,Calb2,0.32185636329438744,1.1531347,4
149,Nxph1,0.30966161896254646,0.73947155,4
150,Serpini1,0.3019463668081653,0.81914437,4
151,Unc5d,0.29998119130978035,0.7024006,4
152,Ngb,0.2751330367083945,0.8094195,4
153,Ctxn1,0.27022759724727863,0.7865056,4
154,Nnat,0.26364818435661275,0.9109229,4
155,AW551984,0.25788873359455844,0.76663804,4
156,Epha5,0.25165325967906693,0.87049335,4
157,Pcdh7,0.24865154996307814,0.77529716,4
158,Spock1,0.24596704790047239,0.8499388,4
159,Gnai1,0.2381126961078107,0.70471776,4
160,Rab3c,0.23608093421736193,1.0082409,4
161,Negr1,0.23343072323949754,0.8590151,4
162,Fabp5,0.23025737666549137,0.861327,4
163,Gria1,0.22547615922917028,0.83151233,4
164,Tshz2,0.21881981819072494,0.8682425,4
165,Gap43,0.19531881334703366,1.0236247,4
166,Edil3,0.18808799080249,0.8877646,4
167,Ntrk3,0.18433641307996235,0.85346246,4
168,Tac2,0.9045382059541415,1.5122288,5
169,Tenm2,0.8598609648738991,0.8350539,5
170,Cck,0.8580725820880797,0.9630598,5
171,Dgkb,0.8342536755627817,0.8208282,5
172,Cadm1,0.8155365510660345,0.75284636,5
173,Cxcl14,0.814374952273562,0.95879567,5
174,Cntn5,0.8032294007120089,0.814199,5
175,Calb1,0.793349122307323,0.8633009,5
176,Tenm3,0.7567710229036736,0.790028,5
177,AY036118,0.6676932844094379,0.7104335,5
178,Ptgds,0.5247299589371484,1.0468946,5
179,Npy,0.47053669320024366,0.7270742,5
180,Nts,0.4631493373480209,0.7432308,5
181,Sst,0.4498979699333195,1.441423,5
182,Tac1,0.4414237054221135,1.2969729,5
183,Gad1,0.3703922736958629,0.85169345,5
184,Nrgn,0.36912449228824373,0.73175585,5
185,Gad2,0.36109474554910903,0.958374,5
186,Dlk1,0.35005649138081435,1.3671044,5
187,Calb2,0.3499957359737225,1.0229251,5
188,Nrxn3,0.34604886406897356,0.87210894,5
189,Epha5,0.27784423093966326,0.80003357,5
190,Rab3c,0.2749502669614883,0.8606856,5
191,Fabp5,0.27198049807171254,0.7161928,5
192,Pcdh7,0.23342561838135337,0.8520806,5
193,Acot7,0.22771238055849266,0.7159506,5
194,Edil3,0.22426409316423637,0.7976742,5
195,Synpr,0.9464065605980369,1.7465,6
196,Cacna2d1,0.8574675283143889,0.8466432,6
197,Spock1,0.8551544083974838,1.0220098,6
198,Stxbp6,0.8119712238314158,0.90421414,6
199,Ebf3,0.8095641490077492,0.82115114,6
200,Nxph1,0.7682782267658277,0.7426936,6
201,Vstm2a,0.7560402963576963,0.70431274,6
202,Cck,0.708845064585204,0.83208203,6
203,Penk,0.6564583285364525,1.049593,6
204,Sst,0.46832606765776635,1.4590669,6
205,Tac2,0.45948228224079574,1.0657618,6
206,Npy,0.403602137745952,1.1359062,6
207,Nts,0.4032898927801186,1.0055394,6
208,Gad1,0.36607581885954465,0.8848105,6
209,Calb1,0.3281078671404706,0.938503,6
210,Dgkb,0.3280818360669158,0.9157703,6
211,Nrxn3,0.28066012755865627,1.1243606,6
212,Alcam,0.2641180518779469,0.9086061,6
213,Cartpt,0.2596760762281934,1.59304,6
214,Rprm,0.2581849498182302,1.724161,6
215,Clstn2,0.25315014365059263,0.70513296,6
216,Pcdh7,0.234655609536455,0.83661497,6
217,Ntng1,0.19667505801027937,1.111992,6
218,Syn2,0.17635642999496007,0.8543464,6
219,Nrp2,0.1742537332524899,1.0391682,6
220,Calb2,0.9091641471865496,1.5520803,7
221,Nxph1,0.8370808959579868,0.9426904,7
222,Negr1,0.835860431748817,0.815277,7
223,Rab3c,0.8155480635885923,0.7372037,7
224,Foxp2,0.8143607613842666,1.0649438,7
225,Htr2c,0.8135480361883259,0.8717029,7
226,Ar,0.7984812826090381,1.035013,7
227,Glra3,0.7976079951417022,0.8209306,7
228,Crim1,0.7804590773818099,0.74090123,7
229,Tac1,0.7796903974741562,1.9862009,7
230,C1ql3,0.7744938857073422,0.94300526,7
231,Irs4,0.7338701736959232,0.81726605,7
232,Sst,0.47136774576342577,1.3307482,7
233,Tac2,0.46572233056424195,1.1606808,7
234,Npy,0.40406379242992096,1.0306894,7
235,Dlk1,0.40034087724130013,1.0439613,7
236,Rprm,0.38640310427094604,1.2097617,7
237,Gad1,0.380062887452893,0.801434,7
238,Gad2,0.37965098718422946,0.86130583,7
239,Pvalb,0.3746375066372024,0.79799205,7
240,Cartpt,0.3676021040843939,0.9380418,7
241,Plcb4,0.3145300284514637,0.7023228,7
242,Slc24a2,0.3125106031989427,0.7141422,7
243,Cox6a2,0.30611763446584783,0.89197445,7
244,Ntm,0.27084267215081725,0.73791635,7
245,Cpne9,0.26768536760466494,0.8926569,7
246,Dgkb,0.25373690340881083,1.1541289,7
247,Lhx1os,0.25342384896153636,0.90208465,7
248,Cck,0.25237105133670407,1.5597275,7
249,Foxb1,0.24865812316112523,1.1517614,7
250,Nkx2-1,0.23700187051632726,0.7151915,7
251,Pcp4,0.18875140954525416,1.3098366,7
252,Tcf4,0.9159146501912803,1.2427983,8
253,Nr4a2,0.8506652383569664,1.2720422,8
254,Ebf3,0.8317262254165427,0.997737,8
255,Slc6a1,0.8296751581546778,0.9072585,8
256,Rab3c,0.8279138529951686,0.83908343,8
257,Pbx1,0.8045807635955413,0.74628484,8
258,Syt4,0.8030050556558106,0.72634304,8
259,Calb2,0.7978488161170632,1.1026644,8
260,Nnat,0.7927054998746597,0.89866436,8
261,Epha5,0.7888608970636091,0.87421894,8
262,Nxph1,0.7832367719162757,0.729048,8
263,Hpcal1,0.781010383790761,0.7178955,8
264,Zeb2,0.7789297330794348,0.7942771,8
265,Sema5a,0.7773094942631463,0.9902241,8
266,Adamts2,0.7694519743838467,0.9579004,8
267,Ebf1,0.7593017371712929,1.0190904,8
268,Cbln1,0.7393410053078936,0.7518952,8
269,Nell1,0.7320693934302944,0.77737635,8
270,Lmo4,0.7134858489905037,0.7818228,8
271,Lypd1,0.7102168778250247,0.8899812,8
272,Pthlh,0.7000655506959118,0.80050874,8
273,Crhbp,0.6913990013250271,1.3584999,8
274,C1ql1,0.6619765481096953,1.2276819,8
275,Sst,0.5094181246895684,1.1248927,8
276,Rprm,0.4651520978558227,0.7752168,8
277,Tac2,0.4535958682820268,1.1734372,8
278,Npy,0.40678021521180974,1.0979718,8
279,Nts,0.40543089851164105,1.0320551,8
280,Pvalb,0.394388175339548,0.7341221,8
281,Gad1,0.38254529771070817,0.83097625,8
282,Calb1,0.3693565288337426,0.9395306,8
283,Cox6a2,0.31305066087869077,0.8667387,8
284,Brinp3,0.27773580734012093,0.75371677,8
285,Zfhx4,0.2756453473797627,0.7314725,8
286,Pcp4,0.2643078796296152,0.9492662,8
287,Foxb1,0.26254268191096625,1.1326641,8
288,Lhx1os,0.2595595802887033,0.89584816,8
289,Cartpt,0.25192829594660027,1.751866,8
290,Rgs4,0.24980638410839376,0.8367591,8
291,Dgkb,0.20293218694871634,1.3528739,8
292,Zfhx3,0.1546579141176892,1.2440143,8
293,Nnat,0.8161348671157804,1.0923616,9
294,Epha5,0.8049462863172343,0.8023754,9
295,Otp,0.7437098376908985,0.7371326,9
296,Dlk1,0.722502126527551,0.85447633,9
297,Calcr,0.7191763883346689,0.8379712,9
298,Cbln2,0.7170132543304597,0.75139976,9
299,Arhgap36,0.6760099748393508,0.797739,9
300,Trh,0.6606324700916895,1.2187616,9
301,Vgf,0.5962305412948737,0.78754854,9
302,Calca,0.5922404378914237,0.7202756,9
303,Sst,0.5530831296226126,0.89850426,9
304,Hcrt,0.5106295639305161,1.2267296,9
305,Tac2,0.4639979723937044,1.0078119,9
306,Npy,0.4140952729053005,0.8357986,9
307,Nts,0.40645779750986694,0.96174514,9
308,Tac1,0.40269892952670927,1.5838144,9
309,Pvalb,0.3985893661327154,0.7016118,9
310,Gad1,0.39380635577448636,0.7116457,9
311,Adcyap1,0.3125572150481026,0.7214905,9
312,Rprm,0.29424909825172046,1.5945109,9
313,Cck,0.2728318081575944,1.3226998,9
314,Cartpt,0.26396717826280863,1.6059039,9
315,Foxb1,0.26178252748837255,1.1280471,9
316,Calb1,0.2521963871945596,1.5372968,9
317,Dgkb,0.24268960745586826,1.1744783,9
318,Zfhx3,0.23400437712582894,0.843774,9
319,Arpp21,0.19114855960592456,1.1229433,9
320,Cplx1,0.8672348769086249,1.1842104,10
321,Hspa4l,0.8632710233620704,0.77251256,10
322,Kcnc1,0.8273587186713135,0.7916372,10
323,Atp2b2,0.8074845614678694,0.7113616,10
324,Epha5,0.8027244631948729,0.97837204,10
325,Gabra1,0.7998194900698694,0.95482385,10
326,1700020I14Rik,0.7910420383864998,0.72950244,10
327,Slc6a1,0.7785487779797339,0.7515475,10
328,Erbb4,0.7609521864074215,0.71011996,10
329,C1ql3,0.7442484172377951,0.9163631,10
330,Ebf3,0.7212094304279434,0.75251186,10
331,Syt2,0.7126723807300439,0.8192931,10
332,Htr2c,0.6506465840684353,0.89500314,10
333,Tac2,0.47189728581989576,1.1213336,10
334,Npy,0.42390373915411855,1.0632074,10
335,Gad2,0.40138585491392775,0.7630491,10
336,Gad1,0.3868554308615006,0.77095383,10
337,Dlk1,0.3784483094043034,1.0393825,10
338,Cpne9,0.34245679712295796,0.7055397,10
339,Calb1,0.3314337407660625,1.0480938,10
340,Pcp4,0.32941881083003993,0.75380445,10
341,Cox6a2,0.3286114492487785,0.7387816,10
342,AY036118,0.31640166863990843,0.7861502,10
343,Foxb1,0.3150252630525772,0.80676407,10
344,Ctxn1,0.2826717415108917,0.79783815,10
345,Lhx1os,0.27886213432495677,0.8405738,10
346,Rprm,0.2741763800185652,1.6641496,10
347,Cck,0.26506264347690756,1.679446,10
348,Caly,0.25982938407065875,0.70893955,10
349,Cartpt,0.2502584668745519,1.8176627,10
350,Dgkb,0.2397884740449232,1.2388153,10
351,Gpx3,0.21580663898569818,0.88533264,10
352,Isl1,0.7902894181514043,0.71753776,11
353,Peg10,0.782234475679086,0.7062687,11
354,Gabre,0.767260972092378,0.8313022,11
355,Asb4,0.7548160435652524,0.8750621,11
356,Tcf7l2,0.705924422363416,0.73111546,11
357,Gpr101,0.6866560073630179,0.77780545,11
358,Pomc,0.5663712649687841,1.7057813,11
359,Npvf,0.5142953956787687,1.1465809,11
360,Prlh,0.5095735375673422,1.571587,11
361,Sst,0.5034489523048146,1.1456308,11
362,Tac2,0.46365399068624186,1.0124551,11
363,Tac1,0.4263301489484471,1.0819032,11
364,Npy,0.4094636340181717,1.1069783,11
365,Nts,0.3995426294171063,1.0410154,11
366,Pvalb,0.3751381318257094,0.76486623,11
367,Ctxn3,0.36556815100753126,0.71657133,11
368,Rprm,0.3082794554233995,1.5445807,11
369,Dgkb,0.3061640104590313,0.9439943,11
370,Bdnf,0.2962800781280993,0.77777386,11
371,Pcp4,0.2941119659164935,0.8760545,11
372,Cpne9,0.29057259010408426,0.8351579,11
373,Plcb4,0.29028175746089696,0.7301742,11
374,Nxph4,0.2786007092157833,0.75437486,11
375,Unc13c,0.2728074488176956,0.7807608,11
376,Nefl,0.2725369990831795,0.71665186,11
377,Cck,0.2697364695105886,1.3643024,11
378,Cadm2,0.2697175913804099,0.74999297,11
379,Lhx1os,0.26827751836308555,0.85539687,11
380,Thy1,0.2606317388426831,0.78480136,11
381,Foxb1,0.2569966043989327,1.153767,11
382,Pitx2,0.2553663820993739,0.78874195,11
383,Vsnl1,0.2465400354525813,0.81013656,11
384,Adcyap1,0.24214197831313233,1.0596098,11
385,Rmst,0.23968850538013028,0.8537418,11
386,Snca,0.23778742295192123,0.90305346,11
387,Cdk14,0.23032755197436516,0.7267012,11
388,Nrn1,0.22022269080112492,0.97275895,11
389,Arpp21,0.212093466990495,1.040478,11
390,Nrxn3,0.8058861673835243,0.804165,12
391,Zbtb20,0.7859434498198375,0.7209803,12
392,Gad2,0.7582870360118841,0.8149351,12
393,Asb4,0.7568180377825848,0.91495883,12
394,Nfix,0.6901851142021805,0.86130756,12
395,Nfib,0.668404597866149,0.7132641,12
396,Crabp1,0.6096043907880802,1.4018389,12
397,Fos,0.5991636321432198,0.7950189,12
398,Pmch,0.49794954915469847,2.4456284,12
399,Sst,0.48985092211589193,1.0657,12
400,Tac2,0.468893048606079,0.924302,12
401,Tac1,0.42090707753439655,1.0960253,12
402,Npy,0.40569310068102116,1.07137,12
403,Nts,0.40249463406663305,0.83544904,12
404,Pvalb,0.381470426090615,0.7319821,12
405,Pcp4,0.32622250126178653,0.76331496,12
406,Slc24a2,0.31048510251967887,0.7116132,12
407,Serpini1,0.3052100330546077,0.8266261,12
408,Plcb4,0.2976961992164324,0.70500916,12
409,Lhx1os,0.2817085429629726,0.7876427,12
410,Ntm,0.27990605894242054,0.7138082,12
411,Nxph4,0.27210827541077737,0.7628246,12
412,Rprm,0.27160222456211613,1.6761942,12
413,Cpne9,0.26977282497398175,0.886765,12
414,Calb1,0.2611956353257471,1.4510002,12
415,Cck,0.2607845525258256,1.48684,12
416,Brinp3,0.25938952438474067,0.76218104,12
417,Snca,0.25766454192758226,0.7884287,12
418,Pitx2,0.257184165857927,0.771663,12
419,Dgkb,0.2554579426121921,1.1125302,12
420,Foxb1,0.2525815083560429,1.154106,12
421,Kcna2,0.25077950156186646,0.7646457,12
422,Cadm2,0.248002139501287,0.81476027,12
423,Hpca,0.2445872984482125,0.7718183,12
424,Tenm2,0.24035897731533057,0.71316135,12
425,Tmem163,0.2365505199476807,0.72106224,12
426,Vsnl1,0.23204693464136633,0.8112774,12
427,Bdnf,0.2313148693812321,1.0015999,12
428,Mir124-2hg,0.2285286309100669,0.73945117,12
429,Zfhx3,0.21793029211599121,0.92428017,12
430,Nefl,0.21625198239836418,0.896354,12
431,Adcyap1,0.21531709592860998,1.217757,12
432,Arpp21,0.2150503263846628,0.9732011,12
433,Scn1b,0.20925937520759347,0.82418084,12
434,Cacna2d1,0.20521478622930842,0.87629265,12
435,Snap25,0.19839083083966647,0.78077245,12
436,Sncb,0.1923054309888665,0.7791667,12
437,Thy1,0.19012469734303258,1.0710968,12
438,Nrn1,0.1843298329096836,1.1449426,12
439,Slc17a6,0.14124736284704856,1.402131,12
440,Gad2,0.9302851476371424,1.6390641,13
441,Gad1,0.9021623466645959,1.2688746,13
442,Slc32a1,0.8658240195674013,1.1550081,13
443,Nrxn3,0.8499588301618808,0.9414717,13
444,Dlx1,0.7875864445274852,0.71811247,13
445,Cplx1,0.7483849937962149,0.8123418,13
446,Tcf7l2,0.6830982042185738,0.77165246,13
447,Gpr101,0.6796978505947383,0.87989616,13
448,Vgf,0.6683746083203516,0.8040469,13
449,Cited1,0.6331395358242298,0.7254743,13
450,Penk,0.6309061732109723,0.7644526,13
451,Gal,0.5724755771461295,0.9370365,13
452,Sst,0.5078470196757855,1.0266969,13
453,Npy,0.421429669136857,1.0781883,13
454,Calb1,0.3912998183350562,0.8897748,13
455,Bdnf,0.3121751101232507,0.72033805,13
456,Cpne9,0.302701517864798,0.805029,13
457,Pcp4,0.2797766313851669,0.9240458,13
458,Fam19a1,0.2729846595844839,0.8358463,13
459,Ntng1,0.27179194753555247,0.8731436,13
460,Pitx2,0.26859218565736664,0.72760135,13
461,Cck,0.26744703326425856,1.5872378,13
462,Cartpt,0.2613988685978475,1.6269283,13
463,Rprm,0.26113583458298756,1.7385092,13
464,Foxb1,0.25748409420694274,1.1583172,13
465,Dgkb,0.2418846888644081,1.1827195,13
466,Adcyap1,0.22881678370547956,1.1767501,13
467,Arpp21,0.2251948085562086,1.0097368,13
468,Rmst,0.21555588987513163,0.97719616,13
469,Nrn1,0.17959496644132447,1.2129678,13
470,Slc17a6,0.13491719928628162,1.5242661,13
471,Nrxn3,0.9682796596333094,1.6537408,14
472,Gad1,0.9073634989651997,1.2876396,14
473,Sox14,0.8958585876551859,1.1138636,14
474,Isl1,0.8858078236178873,1.0915895,14
475,Thrb,0.8775706961390874,1.2087393,14
476,Ngb,0.8489310409934082,1.1424176,14
477,Pgrmc1,0.8485256036638035,0.80723834,14
478,St8sia4,0.8401337578339704,1.0012126,14
479,Unc13c,0.8306266173027336,1.0659294,14
480,Slc32a1,0.8279431603315374,0.83088994,14
481,Gad2,0.81539820421819,0.83483493,14
482,Lef1,0.8127026616573036,0.77115315,14
483,Rxrg,0.8098627761101185,1.0704069,14
484,Opcml,0.8018298494910827,0.74741054,14
485,Gfra2,0.8001946464030092,0.7904482,14
486,Chodl,0.7822698926525999,0.96141726,14
487,Fabp5,0.7701928540872554,0.72916055,14
488,Tmem176b,0.7639581720021124,0.7323361,14
489,Foxp2,0.7618230131518581,0.7671574,14
490,C1ql3,0.756342198227386,0.74275756,14
491,Dlk1,0.7543247028541147,0.9803375,14
492,Itm2a,0.7202368410731275,0.723477,14
493,Hcrtr2,0.6943216882975919,0.7069868,14
494,Trh,0.685067433029871,1.1486354,14
495,Tac1,0.6840253359565904,1.1907456,14
496,Fos,0.6302692030898976,0.774424,14
497,Sst,0.49570095052022767,0.82476574,14
498,Tac2,0.46002805224988075,1.1590024,14
499,Nts,0.41532379803109787,0.9176137,14
500,Npy,0.39812326754211935,1.1247903,14
501,Pvalb,0.39100018059975533,0.713478,14
502,Cpne9,0.296193290080604,0.78497785,14
503,Slc24a2,0.29434419485801483,0.74763477,14
504,Snca,0.27447639752742514,0.71133757,14
505,Nxph4,0.27112070813346506,0.7853004,14
506,Reps2,0.2629427544381478,0.7180297,14
507,Arpp21,0.25934991385026823,0.84988475,14
508,Pitx2,0.2560896550088612,0.7870478,14
509,Lhx1os,0.2555784117619695,0.9013033,14
510,Rprm,0.2549434622432496,1.7536364,14
511,Kcna2,0.2533662927886883,0.76702857,14
512,Foxb1,0.25071772440659756,1.1722142,14
513,Grm5,0.2506181893141496,0.70522094,14
514,Scg2,0.2502861776426624,0.7604166,14
515,Kcnk9,0.24253623624637094,0.7378648,14
516,Cck,0.23881022614190583,1.798332,14
517,Bdnf,0.23844708837621667,0.9850338,14
518,Cadm2,0.23759300203311545,0.8671653,14
519,Calb1,0.23040127806251126,1.6893445,14
520,Rmst,0.22864510506253954,0.868832,14
521,Pcdh19,0.22727886335256992,0.75662553,14
522,Grm1,0.22453942501780916,0.7505131,14
523,Serpini1,0.21346081578186465,1.1558425,14
524,Adcyap1,0.21290100214621832,1.2197549,14
525,Tmem163,0.212690872506606,0.81703335,14
526,Syt1,0.20728952603509654,0.83390915,14
527,Scn1b,0.20656963534355455,0.8526339,14
528,Snap25,0.20291317438730622,0.76729584,14
529,Ralyl,0.20178784636615962,0.80562544,14
530,Sncb,0.20050164318413788,0.7671449,14
531,Nrn1,0.17829015357364045,1.1965843,14
532,Cacna2d1,0.17826906079918128,1.0473572,14
533,Higd1a,0.16726649956628695,0.7925833,14
534,Vstm2l,0.1472360028348689,1.0398006,14
535,Thy1,0.12235131760291222,1.3967006,14
536,Slc17a6,0.10894771454658059,1.7294999,14
537,Six3,0.950163084101565,1.7299604,15
538,Slc32a1,0.9163480486534238,1.2128108,15
539,Ecel1,0.9138551647073925,1.1937002,15
540,Gad2,0.9137585222768353,1.3227683,15
541,Dlk1,0.89263629980294,1.3014978,15
542,Otp,0.8799612297749289,1.2673182,15
543,Parm1,0.8758237257167019,1.1714933,15
544,Nrxn3,0.8459493231254767,0.7924061,15
545,Arhgap36,0.8393899069061587,1.2387676,15
546,Isl1,0.8393144050072859,0.8447237,15
547,Pcdh7,0.8362524254985012,0.775869,15
548,Col25a1,0.8180326847720222,1.2946463,15
549,Prox1,0.8027080643578185,0.7967902,15
550,Pde1a,0.7888528996504262,0.72805196,15
551,Unc5d,0.7883187237159015,0.73875016,15
552,Gabre,0.7866386177112353,0.84901583,15
553,Cadps2,0.7797919167667067,0.84707814,15
554,Gabrq,0.7778258473200602,0.72238004,15
555,Peg10,0.7748776869238261,0.77725595,15
556,Tac2,0.45935279772286275,1.1632296,15
557,Nts,0.421470663737193,0.86178994,15
558,Npy,0.4200206497693417,1.0592524,15
559,Tac1,0.39552726751077794,1.5832099,15
560,Calb2,0.3930281546580896,0.79349923,15
561,Dgkb,0.3834918873209662,0.72013867,15
562,Pvalb,0.3822938609406027,0.7445002,15
563,Cox6a2,0.31607359925102113,0.85498714,15
564,Serpini1,0.3070605600730858,0.85634995,15
565,Rprm,0.2989658127401904,1.6185652,15
566,Cpne9,0.2853730171313808,0.8590312,15
567,Arpp21,0.27640169275257276,0.8158336,15
568,Cartpt,0.2731817255203968,1.5139815,15
569,Pitx2,0.2717915468074022,0.7234779,15
570,Nxph4,0.26962671861197307,0.79725105,15
571,Lhx1os,0.2630569208815602,0.8816229,15
572,Rgs4,0.25719665224580396,0.8132346,15
573,Bdnf,0.25561809629512183,0.91344815,15
574,Foxb1,0.2538483317855444,1.1680892,15
575,Cck,0.24220027633694985,1.8092312,15
576,Adcyap1,0.22044648047898405,1.1790576,15
577,Tmem163,0.21588975212726602,0.8091646,15
578,Fam19a1,0.2128475918669355,1.0412788,15
579,Scg2,0.2093571390820479,0.9320009,15
580,Pcp4,0.20558563047860656,1.3269947,15
581,Zfhx4,0.19284109870363236,0.98911047,15
582,Cacna2d1,0.19001770519528566,1.0087464,15
583,Nrn1,0.18608669883047557,1.1772176,15
584,Rmst,0.18598552628598605,1.1138395,15
585,Pcsk2,0.18500381284589307,0.9807308,15
586,Ntm,0.18082346146005573,1.137497,15
587,Zfhx3,0.1487389295340778,1.2678013,15
588,Slc17a6,0.11638598835760722,1.7244198,15
589,Prlr,0.9864791253846278,1.882551,16
590,Kcnk2,0.9860250229568412,1.636096,16
591,Tac2,0.9754100011277045,3.3344002,16
592,Esr1,0.9581601501457959,1.4514688,16
593,Tmem35a,0.9544115396388124,1.6514548,16
594,Pdyn,0.9403061717655019,1.6199982,16
595,Nhlh2,0.9394322007958372,1.6908121,16
596,Olfm2,0.9314300299647189,1.1517448,16
597,Pak3,0.9221672466289691,0.9332371,16
598,Mrap2,0.9213370748956874,1.1369187,16
599,Nr5a2,0.9151805132666377,1.3523659,16
600,Sdc2,0.8900075314548999,1.089963,16
601,Tppp3,0.887775784157363,1.1038189,16
602,Tpt1,0.8864200215874858,0.8542366,16
603,Rxfp1,0.8842149565833777,1.4706705,16
604,Rpl10,0.8788190920367953,0.9307773,16
605,Rbms3,0.8741798970566914,0.99121624,16
606,Ucp2,0.8736970985774813,1.0619551,16
607,Rps15a,0.873313981119005,0.7153547,16
608,Kctd4,0.8725502633995457,1.0318695,16
609,Pgrmc1,0.870357784382904,0.8034253,16
610,Scg2,0.86523579092359,0.7837467,16
611,Lxn,0.8637667544665153,1.2694612,16
612,Inhbb,0.8608966458846841,1.2347503,16
613,Trp53i11,0.8605563207835935,0.92861146,16
614,Ecel1,0.8585838448278642,0.9982407,16
615,Nnat,0.8484370217324763,0.8892684,16
616,Nop56,0.8462510874293171,0.813205,16
617,Tmem47,0.8430547500523577,0.7722866,16
618,Pgr,0.8411572865819277,0.8745338,16
619,Tbx3,0.839223072028096,0.84554905,16
620,Npy1r,0.8294513113592061,0.8744939,16
621,Rps12,0.8283860333800526,0.7001238,16
622,Sphkap,0.8218221891965911,0.76651055,16
623,Sec61b,0.8212704195060655,0.70966864,16
624,Ldb2,0.8200435374478438,0.9071326,16
625,Fndc9,0.8195536908156527,0.9371128,16
626,Col2a1,0.809202471283811,0.9185546,16
627,Plxnc1,0.8080566429848727,0.710376,16
628,Rybp,0.807891514829314,0.7751751,16
629,Tmem158,0.8046206684065536,0.83255464,16
630,Hs3st5,0.8020878642888212,0.7833383,16
631,Dgkh,0.7991200884442511,0.7495681,16
632,Csrnp3,0.7977129750455109,0.70836,16
633,Hs3st4,0.7966169872569393,0.78155375,16
634,Sv2c,0.7940353495078376,0.86222583,16
635,Nr4a2,0.7856561024922268,0.9356005,16
636,Peli1,0.7835874695922541,0.85133827,16
637,Tacr3,0.782412441802394,0.86619806,16
638,Rps28,0.7775844570102943,0.70501447,16
639,Asic2,0.7753003520048977,0.7366925,16
640,Pcdh11x,0.76647455415398,0.7182564,16
641,Rasd1,0.7529275006846777,0.77421975,16
642,Laptm4b,0.7131029191435889,0.75694907,16
643,Sst,0.46672667665490625,1.3816029,16
644,Nts,0.4131360454626005,0.9663678,16
645,Npy,0.40007934206498796,1.1091616,16
646,Gad1,0.398183388913054,0.74432063,16
647,Tac1,0.3963050561435728,1.5803196,16
648,Gad2,0.39339869991783866,0.8537576,16
649,Dlk1,0.38035911346318046,1.2509127,16
650,Pvalb,0.3739936244421891,0.7661691,16
651,Nrgn,0.34347663235223047,0.87294066,16
652,Rprm,0.3403915551044738,1.3703082,16
653,Cox6a2,0.32192740805180997,0.83320814,16
654,Lhx1os,0.28410651571536744,0.8196526,16
655,Pcp4,0.2830734578641277,0.99297047,16
656,Unc13c,0.2822538583603177,0.7536781,16
657,Cpne9,0.2782283561290739,0.8806205,16
658,Pam,0.27793384402236077,0.736192,16
659,Foxb1,0.27447924218259145,1.0981592,16
660,Nxph4,0.2714314194577353,0.79281193,16
661,Pitx2,0.2687692313888486,0.74840474,16
662,Rgs4,0.2655537633109404,0.7639916,16
663,Alcam,0.2634081041676735,1.108909,16
664,Kcna2,0.25918122613696776,0.77858275,16
665,Hlf,0.2563478686385385,0.7220869,16
666,Dgkb,0.25468098045849236,1.1371353,16
667,Cck,0.25261436131651444,1.7588949,16
668,Rgs10,0.2508014756818585,0.7575476,16
669,Tmem145,0.24902584457010293,0.7069832,16
670,Fam19a1,0.24720691766146308,0.9183302,16
671,Tmem196,0.2460253451581203,0.744091,16
672,Plcb4,0.23959340212330646,0.9252815,16
673,Scn1a,0.23610607671612457,0.8528854,16
674,Cadm2,0.23520945096902035,0.8842965,16
675,Scn1b,0.23385972967312682,0.77515256,16
676,Pcsk2,0.22646521031688496,0.8254546,16
677,Cdk14,0.22578808419119425,0.77572805,16
678,Elavl2,0.2250711863451098,0.7653063,16
679,Adcyap1,0.224042659449358,1.214278,16
680,Cartpt,0.22377281587807907,1.8969818,16
681,Ntm,0.22112573099415206,0.942567,16
682,Nell2,0.2174486088959773,0.8094409,16
683,Opcml,0.21683592302611443,0.9109452,16
684,Vstm2l,0.2159060702720989,0.8134686,16
685,Rmst,0.21049006814557056,1.0505579,16
686,Hpca,0.21014470864949336,0.91915685,16
687,Ralyl,0.20612927520822258,0.8174005,16
688,Syt1,0.20303916356547935,0.91309273,16
689,Elmod1,0.2021732476277931,0.7114908,16
690,Rcan2,0.19631270842395246,0.74284977,16
691,Nrsn1,0.19471328113672612,0.79815066,16
692,Nrn1,0.19356745283778778,1.160002,16
693,Mdh1,0.19077688769674417,0.7894001,16
694,Snap25,0.1904179353342033,0.81055486,16
695,Grm1,0.18868408970083614,0.8806006,16
696,1810041L15Rik,0.1857802506725951,0.9130953,16
697,Celf2,0.18050672192418607,0.82589406,16
698,Gabra1,0.1789858311987499,1.0569196,16
699,Ncald,0.1762793404539816,0.8654033,16
700,Tspan7,0.17525282731622444,0.71345484,16
701,Vdac1,0.17444077940489425,0.7058927,16
702,Atp6v1g2,0.17270240281603916,0.7708045,16
703,Snca,0.16711321750197347,1.20844,16
704,Arpp21,0.1516989069321605,1.3338276,16
705,Sncb,0.14337302450340728,1.0311043,16
706,Napb,0.14287965379472553,0.93702286,16
707,Vsnl1,0.11791559937492953,1.4111059,16
708,Ncdn,0.1129426240072173,1.1105707,16
709,Thy1,0.09394432764648074,1.6635473,16
710,Olfm1,0.08509587501812381,1.2916806,16
711,Chd3os,0.08027292462101074,1.2199333,16
712,Chchd10,0.04702275949285518,1.3995838,16
713,Slc18a2,0.9941295720547831,2.7314463,17
714,Hdc,0.9913607762823686,3.2072637,17
715,Msrb2,0.980713271666227,1.6957585,17
716,Maob,0.9595208104255148,1.9814041,17
717,Atp8a1,0.9553741371594207,1.3884286,17
718,Fam107b,0.9548756235125354,1.4595256,17
719,Stmn2,0.9481187185650395,0.8579056,17
720,Itm2a,0.9409963752545176,1.6854408,17
721,Tmem47,0.9341093588379477,1.1845336,17
722,Tspan12,0.9317614247650435,1.1284763,17
723,Maoa,0.9285957741928793,1.1748711,17
724,Prph,0.9271046789744015,2.4731145,17
725,Bsx,0.9270012418383949,0.98193866,17
726,Sncg,0.924838249808093,2.3846054,17
727,Elavl2,0.9247185116907675,1.0453498,17
728,Ctnnb1,0.9232158575946272,1.0239606,17
729,Gad1,0.9216459249028609,1.7062819,17
730,Sv2c,0.9171195869627714,1.1117017,17
731,Wif1,0.9143054448241421,1.5767237,17
732,Gpc4,0.9086730112061837,1.0654566,17
733,Srp14,0.9061801465902792,1.140057,17
734,Cdkn1a,0.9043734050971686,1.5091177,17
735,Slc7a8,0.9043087939348494,1.1925881,17
736,Rapgef4,0.9042800449314322,1.1906037,17
737,Slc35d3,0.9031751347794774,0.7962915,17
738,Dpp6,0.902980412148084,0.8188596,17
739,Vat1,0.9021985578077256,0.95258987,17
740,Slc5a3,0.9004537600436275,0.9611796,17
741,Matn2,0.8977107494598447,0.920519,17
742,Rap1b,0.8970092145001674,0.8407583,17
743,Hcrtr2,0.8916097367243327,0.94625175,17
744,Tmem114,0.8894677877790061,0.9028068,17
745,Inpp4b,0.8815819657797944,0.786219,17
746,2010111I01Rik,0.8808697610868903,1.0270381,17
747,Fstl5,0.8803911049990665,0.94423866,17
748,Zdhhc22,0.8790775422862274,0.9894376,17
749,S100a10,0.8778090295581249,1.43905,17
750,Scrn1,0.875127073558919,0.93081474,17
751,Atp11a,0.8710444186921871,0.897364,17
752,Isl1,0.8689249947392287,0.9673648,17
753,Gorasp2,0.8665225264742756,0.8540485,17
754,Cachd1,0.8641926716715619,0.71702707,17
755,Ext1,0.8607131531136355,0.7804855,17
756,Hrh3,0.8599304096288415,0.73499304,17
757,Npl,0.8598088932226446,0.73010045,17
758,Klf6,0.8592490286097041,0.7400396,17
759,Slc25a1,0.8587149491853955,0.7818753,17
760,Mindy2,0.8584452420399344,0.8271111,17
761,Sulf1,0.8567926189156586,0.8295373,17
762,Tubb2b,0.856528246636811,0.7906766,17
763,Hmgcs1,0.8561897789883315,0.8415582,17
764,Vwc2,0.8555993870831023,0.7130613,17
765,Mrps6,0.8551468125653892,0.7880559,17
766,Rasl11b,0.8533018378615483,0.8689521,17
767,Tppp3,0.851497467420266,0.9908443,17
768,Necab2,0.8514826483463397,0.83579826,17
769,Cxcl14,0.8514429332282168,1.1277361,17
770,Ptprm,0.8495481664359831,0.7587712,17
771,Lix1,0.8441196432752526,0.92840517,17
772,Sv2b,0.8396214615756233,0.75315356,17
773,Lypd6,0.8380272256026177,0.86072385,17
774,Grb14,0.8357821359027633,0.74754953,17
775,Tmsb4x,0.8241547941186059,0.7991302,17
776,3632451O06Rik,0.8200679899111745,0.82711476,17
777,Extl3,0.8148573071371624,0.7855465,17
778,9530059O14Rik,0.8098825440200591,0.7863641,17
779,Necab1,0.8058920637931495,0.79703975,17
780,Sphkap,0.8013135627128388,0.7547253,17
781,AC160336.1,0.7235009765769718,0.80195856,17
782,Tac2,0.4983856100864545,1.1154455,17
783,Sst,0.49270249523566767,1.4010901,17
784,Npy,0.41945033090992073,1.0977972,17
785,Nts,0.4155013440900051,1.0364207,17
786,Calb2,0.3942839868050966,0.9332838,17
787,Pvalb,0.38580243803404246,0.8168965,17
788,Dlk1,0.3845653417426639,1.340179,17
789,Cartpt,0.3322649768970638,1.0867277,17
790,Plcb4,0.3313912442983613,0.7012226,17
791,Xist,0.3282679762776265,0.784477,17
792,Cpne9,0.30690183549049654,0.81244993,17
793,Calb1,0.2913613690453256,1.4349986,17
794,Nxph4,0.28687652451223017,0.75448817,17
795,Unc13c,0.2854586355189492,0.7724501,17
796,Reps2,0.28038784480280254,0.7439849,17
797,Serpini1,0.27781436442473834,1.0346261,17
798,Rprm,0.27755888359024666,1.7537647,17
799,Lhx1os,0.27750642406854703,0.8935614,17
800,Pitx2,0.27558409379881027,0.76075673,17
801,Cck,0.27012296867544155,1.7807637,17
802,Foxb1,0.2696312718025625,1.1446527,17
803,Bdnf,0.26631120648008466,0.9340773,17
804,Rgs7bp,0.26517191607662055,0.7559215,17
805,Baiap3,0.2578587030939263,0.7347859,17
806,Fndc5,0.2576316748813734,0.70472264,17
807,Mir124-2hg,0.25678076365651753,0.7076179,17
808,Ap1s2,0.2535641354700462,0.8771762,17
809,Got1,0.2520469586814581,0.7052922,17
810,2900055J20Rik,0.2474657901678409,0.7256224,17
811,Pcdh19,0.2469936544725447,0.7315022,17
812,Vstm2l,0.24618601494355413,0.74221325,17
813,Tmem196,0.24406481270172467,0.7704145,17
814,Nrp2,0.2401386472556557,0.8732863,17
815,Dgkb,0.2365957030613243,1.2630842,17
816,Pcsk2,0.23417189532991708,0.7881445,17
817,Brinp3,0.23148697551592606,0.99581254,17
818,Chga,0.2291342993393657,0.7318153,17
819,Adcyap1,0.22778042874544682,1.2259997,17
820,Alcam,0.22623361380900586,1.3095424,17
821,Fam19a1,0.22454690681469935,1.0269349,17
822,Tmem163,0.2229147340124421,0.81595564,17
823,Sparcl1,0.2177775538451051,0.7672171,17
824,Ryr2,0.21715515274019495,0.721053,17
825,Rgs10,0.21698917911221893,0.9177062,17
826,Scn1a,0.21590145908601882,0.96982473,17
827,Arpp21,0.2157319288803004,1.1456084,17
828,Gabra1,0.21254642074907454,0.9468345,17
829,Rmst,0.20745488332943096,1.09419,17
830,Thy1,0.20266417311049395,1.0621524,17
831,Nrn1,0.19651751762728842,1.1991489,17
832,Nell2,0.19061359857499785,0.9156251,17
833,Hpca,0.18963672522176742,1.0229894,17
834,Ntng1,0.18674256008393528,1.2906903,17
835,Rph3a,0.18402177811104228,0.91321874,17
836,Tenm2,0.1832852701368986,0.97455317,17
837,C1qtnf4,0.17971742989837078,0.8757219,17
838,Scn1b,0.17545487147417183,0.98682034,17
839,Nrsn1,0.17361938097764396,0.84326625,17
840,Slc17a6,0.16867544153430764,1.3692992,17
841,Pdxp,0.16665560175813493,0.71622807,17
842,Ptprd,0.15233830167485174,1.0510417,17
843,Sh3gl2,0.14398953180617838,1.0316615,17
844,App,0.143142177159065,0.77278507,17
845,Rasgrf1,0.13913569233231476,1.0927991,17
846,Nefl,0.13049972881094715,1.3318603,17
847,Celf2,0.12416220365556915,1.0526798,17
848,Gpm6a,0.12367613803078219,0.7559885,17
849,Pcp4,0.11108763111175655,1.8457664,17
850,Ntm,0.10202517464278625,1.5766577,17
851,Chd3os,0.09997480757432506,1.0490491,17
852,Scg2,0.09483940569585925,1.5392506,17
853,Vsnl1,0.05728253749966656,1.8933542,17
854,Otp,0.954925445756455,1.6044418,18
855,Sst,0.906896223454705,3.8150578,18
856,Asb4,0.8874892020633314,1.2426623,18
857,Dlk1,0.863365289349444,1.0844415,18
858,Peg10,0.8574848652593797,0.8437965,18
859,Ngb,0.8518565399356178,1.1252296,18
860,Isl1,0.8414499733797807,0.8238722,18
861,Plagl1,0.835698243065521,0.9872928,18
862,Gfra2,0.8234384861380937,0.80830425,18
863,Tbx3,0.8188467627345136,0.80174804,18
864,Cited1,0.8147387868936848,1.2967002,18
865,Npy2r,0.8082120732390988,0.98463213,18
866,Irs4,0.7897383461615758,0.9044272,18
867,Ecel1,0.7844474453404038,0.75518835,18
868,Calcr,0.770983255705718,0.7900218,18
869,Agrp,0.7686650048127946,3.4137118,18
870,Fam46a,0.7553418494529633,0.73254275,18
871,Six3,0.7551253618410614,0.7305286,18
872,Tmem176b,0.7549730448242183,0.7189081,18
873,Ghr,0.7301429029789965,0.7210574,18
874,Cbln4,0.7266029426801448,0.8552694,18
875,Npy,0.7106600756648884,2.8258467,18
876,Fos,0.7047503869627916,0.87567717,18
877,Serpina3n,0.6985621555678568,0.92874116,18
878,Gpr101,0.6766062922441727,0.8107027,18
879,Junb,0.6630363269033457,0.76848423,18
880,Btg2,0.6365867589971053,0.7084856,18
881,Tac2,0.4631357560671182,1.144452,18
882,Nts,0.4192250871768112,0.9280467,18
883,Tac1,0.39845673244740304,1.5757962,18
884,Cartpt,0.3481730772621016,0.75134575,18
885,Rprm,0.3339776249122944,1.4082543,18
886,Pcp4,0.33092740613287547,0.83740854,18
887,Dgkb,0.32731657611090936,0.9127996,18
888,Calb1,0.31748648715354055,1.2338121,18
889,Slc24a2,0.29886396891604583,0.76933694,18
890,Plcb4,0.29582679580705096,0.7522969,18
891,Fam19a1,0.2856268444638758,0.79645264,18
892,Brinp3,0.28523124332290856,0.7059253,18
893,Nxph4,0.2790592308695821,0.76497006,18
894,Thy1,0.2747333570741029,0.77233183,18
895,Kcna2,0.2746596666654914,0.71512735,18
896,Cpne9,0.27225185900803534,0.8879206,18
897,Foxb1,0.27220708062576904,1.1106212,18
898,Hpca,0.2704653073313142,0.73850375,18
899,Pitx2,0.26700961501168824,0.7683852,18
900,Bdnf,0.25768478134398604,0.9402737,18
901,Snca,0.25237166762452445,0.8634273,18
902,Lhx1os,0.252034948293309,0.9275161,18
903,Cck,0.2492858376907048,1.807284,18
904,Scn1a,0.2432389931563118,0.8230454,18
905,Zfhx4,0.23962851572003288,0.8363707,18
906,Adcyap1,0.23679725265232587,1.167767,18
907,Grm1,0.23615907255860855,0.72215974,18
908,Scn1b,0.2189567694689002,0.8248143,18
909,Cadm2,0.2166198315345587,0.9012537,18
910,Cdk14,0.2096619055846047,0.81683123,18
911,Ntng1,0.20949019635496918,1.1616298,18
912,Sh3gl2,0.20714444377844926,0.7662945,18
913,Nefl,0.20177421117767144,0.98667663,18
914,Gabra1,0.19990832772134448,0.9832976,18
915,Ncdn,0.19644135265973012,0.7581501,18
916,Ralyl,0.195359619771595,0.87037045,18
917,Arpp21,0.1937310264827109,1.1296496,18
918,Chd3os,0.193276896117679,0.70183,18
919,Cacna2d1,0.1917988569172023,1.0247271,18
920,Nrn1,0.18975350734612279,1.1786381,18
921,Snap25,0.17728078866366498,0.8549093,18
922,Vdac1,0.17105553577158086,0.71122706,18
923,Rtn4,0.15357363223197318,0.76321554,18
924,Rmst,0.1519570268564518,1.3303065,18
925,Vsnl1,0.14780356746198245,1.2500582,18
926,Sncb,0.13019191238950847,1.0613629,18
927,Slc17a6,0.12446133721647702,1.6995195,18
928,Sst,0.9854227324558004,2.7167487,19
929,Gda,0.9779754194850676,1.644002,19
930,Otp,0.9756824128094705,1.6199781,19
931,Bcl11b,0.9644092705554141,1.5863525,19
932,Cplx2,0.9641980058083967,1.4525161,19
933,Nrgn,0.9490136980740773,2.0387645,19
934,Six3,0.946804182488459,1.4739643,19
935,Baiap2,0.9409076819183207,1.2437141,19
936,Dlk1,0.9368549044788125,1.7129601,19
937,Itm2c,0.9254309247307066,0.88055754,19
938,Tmem158,0.9173576592235052,1.14721,19
939,Atp2b1,0.9136245465649644,0.9405811,19
940,Pthlh,0.9104657234479883,1.4271343,19
941,Grin2b,0.9088992276382263,0.92437446,19
942,Gria3,0.908844796982881,1.0987241,19
943,Icam5,0.9078415200729185,1.1675787,19
944,Ppp3ca,0.9056047891596275,0.9320109,19
945,Sowaha,0.8977760003247388,1.0507601,19
946,Atp2b4,0.8944824843996206,1.0051758,19
947,Rprml,0.8837453457176913,1.1269276,19
948,Gad2,0.8822983205836442,1.1827089,19
949,Ncdn,0.8793041732629241,0.82244086,19
950,Slc32a1,0.8788110684276368,1.0742996,19
951,Ptk2b,0.8779987600881224,1.2611394,19
952,Wfs1,0.8761873263293073,1.0230858,19
953,Tmsb4x,0.8757726385398562,0.76531124,19
954,Arf3,0.8701778129578172,0.81814694,19
955,Camk2n1,0.8670909490123142,0.7848296,19
956,Ctxn1,0.8600906132028474,0.92115724,19
957,Jph4,0.8582667249720467,0.7355108,19
958,6430628N08Rik,0.8568658275120209,0.85924774,19
959,Mef2c,0.8477399284836541,1.2992177,19
960,Dbpht2,0.8476518246262736,0.7501944,19
961,Prkce,0.8456489610202704,0.7780165,19
962,Ddn,0.8417133478727761,0.87055147,19
963,Rnf152,0.8415947997505415,0.9110522,19
964,Crym,0.8339080841516383,1.0431898,19
965,Plppr4,0.8336548432212616,0.7319299,19
966,Fbxw7,0.8330537996287645,0.77442896,19
967,Rasgrf2,0.8296375840907497,0.85084915,19
968,Ramp1,0.8272301807835801,0.8465627,19
969,Hpcal4,0.8250017528516129,0.73977613,19
970,Negr1,0.8239620350791735,0.7084596,19
971,Chrm1,0.8239551159280704,0.8113637,19
972,Stum,0.8188307926210482,0.8638487,19
973,2010300C02Rik,0.8175724296737483,0.7148804,19
974,Kcnip2,0.8161480070999716,0.83230877,19
975,Wipf3,0.8156332222578943,0.792822,19
976,Lmo7,0.8131298733887603,0.75948185,19
977,Plcb1,0.8120320347470543,0.8726182,19
978,Ppp1r1b,0.810968330584124,0.8571078,19
979,Phactr1,0.8065322321734991,0.718953,19
980,Lamp5,0.804206474849347,0.83141965,19
981,Hpcal1,0.7985401513725751,0.81084794,19
982,Camkv,0.7888344274817611,0.72412,19
983,Egr1,0.7861857764394601,1.0664061,19
984,Kctd8,0.7819032831833262,0.7164581,19
985,Arpp21,0.7782721126843724,0.7009438,19
986,Pde1a,0.7744688859613191,0.7022163,19
987,Junb,0.7579616365360701,1.023848,19
988,Egr4,0.6403489835305752,0.7576806,19
989,Rprm,0.4977489695077624,0.8390529,19
990,Tac2,0.45360201780897247,1.1648685,19
991,Tac1,0.4164277253152365,1.4473617,19
992,Npy,0.4020783284807021,1.1074516,19
993,Nts,0.3952883348647721,1.0406289,19
994,Pvalb,0.3837905508382321,0.72423106,19
995,Ctxn3,0.36489342662194124,0.70658404,19
996,Cox6a2,0.31264230387435554,0.86012906,19
997,Plcb4,0.3102422809950293,0.72196186,19
998,Bdnf,0.304963429980036,0.7417246,19
999,Ntm,0.3019268451992162,0.7206571,19
1000,Pcp4,0.29897375150837496,0.91460514,19
1001,Nefm,0.2967476299601088,0.7409406,19
1002,Nxph4,0.2746926051803223,0.77949816,19
1003,Ap1s2,0.2738950576964947,0.74376994,19
1004,Cpne9,0.2738087989460749,0.89145243,19
1005,Unc13c,0.27285810758449663,0.7737311,19
1006,Nrp2,0.2722782827220494,0.76226616,19
1007,Lhx1os,0.27003278755069426,0.8656349,19
1008,Pitx2,0.26985058323831035,0.7559322,19
1009,Gabra1,0.2597255587906431,0.78553337,19
1010,Foxb1,0.25637622837995916,1.1636918,19
1011,Cck,0.25141796469941363,1.7828618,19
1012,Slit2,0.2417740518917882,0.70419234,19
1013,Sparcl1,0.23674475159324984,0.7281408,19
1014,Osbpl1a,0.222967337916579,0.8092458,19
1015,Tmem163,0.2217961562731792,0.80048525,19
1016,Fam19a1,0.2214229833903471,1.0234333,19
1017,Adcyap1,0.2181511474720189,1.2320952,19
1018,Lrp1b,0.21597253742799466,0.80182326,19
1019,1810041L15Rik,0.2144844586640687,0.8235085,19
1020,Brinp3,0.2123616631056102,1.0010693,19
1021,Zfhx4,0.20270806348644033,0.9567262,19
1022,Nrn1,0.2009847335850059,1.1003495,19
1023,Tmem145,0.19956630760885208,0.84954023,19
1024,A730017C20Rik,0.19626079848848837,0.77279127,19
1025,Phlda3,0.1737933923029518,0.8174378,19
1026,Pcdh10,0.16368082232727035,0.9891422,19
1027,Scg2,0.15395526353662722,1.2037823,19
1028,Gpx3,0.15268629122430227,1.1363418,19
1029,Nrsn1,0.14863120740109304,0.9475117,19
1030,Nefl,0.13362218482805444,1.2975221,19
1031,Zfhx3,0.13150907608114046,1.3826488,19
1032,Slc17a6,0.12328128286596775,1.7092289,19
1033,Rmst,0.11635521261167513,1.5412418,19
1034,Selenom,0.11392889695815667,0.8637984,19
1035,Elavl2,0.10955968367486264,1.2650405,19
1036,Nap1l5,0.10853841697203187,0.8540771,19
1037,Tcf4,0.9601311743773324,1.5545055,20
1038,Tac2,0.9589323178552032,2.868832,20
1039,Gria1,0.9303912664012345,1.0881954,20
1040,Fgf1,0.901963305050665,1.1295935,20
1041,Cnr1,0.8967226183756711,1.102802,20
1042,Atp1b1,0.8932855413542109,0.71724844,20
1043,Cbln2,0.8913698558582955,1.0321016,20
1044,Cplx1,0.8891293532716764,1.4363577,20
1045,Rbms3,0.8852036560052619,0.994459,20
1046,Cabp7,0.8789223375267955,0.97669125,20
1047,Parm1,0.8750151505239419,0.91845226,20
1048,Ap1s2,0.8702072997379656,0.84263134,20
1049,Got1,0.8682244194496721,0.79081035,20
1050,Nefm,0.862795333790765,1.1222209,20
1051,Inf2,0.8447559409071247,0.81539,20
1052,Nefl,0.8436298576129672,0.8334944,20
1053,Slc25a5,0.8386422290617224,0.8522947,20
1054,Epha4,0.8378112957235204,0.7381049,20
1055,Aldoc,0.8344472454952864,0.7115102,20
1056,Serpine2,0.8333972317774062,0.7911427,20
1057,Fndc5,0.8305053200525996,0.7063738,20
1058,Adarb2,0.8280135342990111,0.7048988,20
1059,Atp2b2,0.827538606577787,0.7212767,20
1060,Kcna2,0.8252958219038795,0.7930486,20
1061,Ppargc1a,0.8244387713444893,0.7103536,20
1062,Ankrd34b,0.8201679717670304,0.70349705,20
1063,Kctd8,0.8174606555473232,0.73075616,20
1064,Negr1,0.8167374874421808,0.7195741,20
1065,Slc24a2,0.8031339651165208,0.72769904,20
1066,Cplx2,0.7980941021228991,0.73407,20
1067,Myo1a,0.7859118130473525,0.84916365,20
1068,Syt2,0.7603980771639639,0.921546,20
1069,Sst,0.5332829752738377,1.290776,20
1070,Npy,0.41397519827535056,1.0943677,20
1071,Tac1,0.40443176280086146,1.5875381,20
1072,Gad1,0.38434204127129507,0.839934,20
1073,Dlk1,0.37511251958157676,1.314017,20
1074,Gad2,0.3631348576662158,0.9467582,20
1075,Foxb1,0.3540057478171835,0.85877866,20
1076,Dgkb,0.33778112145826394,0.8698578,20
1077,Calb2,0.32645639007261595,1.164629,20
1078,Nrgn,0.3251644751021741,0.9022657,20
1079,Nnat,0.3237252387190086,0.70770127,20
1080,Unc13c,0.2778999117085784,0.7828989,20
1081,Cck,0.27434543397439703,1.5918701,20
1082,Fxyd6,0.2665409490136058,0.7325976,20
1083,Tenm1,0.2624598162463315,0.716622,20
1084,Rgs4,0.2593320888350654,0.78055567,20
1085,Pcp4,0.24949832114445158,1.1417875,20
1086,Hpcal1,0.2447693291525494,0.88282883,20
1087,Vat1l,0.24411665218809067,0.72269225,20
1088,Clstn2,0.23988135174622782,0.76257706,20
1089,Rprm,0.23856585520713994,1.8389604,20
1090,Spint2,0.2323121753413876,0.72435445,20
1091,Tmem255a,0.227787556944417,0.7813115,20
1092,Cartpt,0.22533203102218746,1.9203709,20
1093,Ctxn1,0.2134943371271767,1.0444366,20
1094,Celf2,0.21039754467693,0.7312972,20
1095,Fam19a1,0.20694829652326538,1.0689672,20
1096,Calb1,0.20669092779019405,1.8516635,20
1097,Baiap3,0.2052090924443133,0.8950362,20
1098,Ralyl,0.20273683121530278,0.8379039,20
1099,Gas7,0.20105797566686393,0.75958574,20
1100,Gabra1,0.19973436503963987,0.94502145,20
1101,Cnih2,0.19189894511782926,0.7408283,20
1102,Dpp6,0.1907999933058773,0.73833555,20
1103,B230209E15Rik,0.17659298567508452,0.7884074,20
1104,Ahi1,0.1753550801037995,0.92848516,20
1105,Fxyd7,0.17433524065117584,0.98713815,20
1106,Ntng1,0.17219337494846287,1.3405344,20
1107,Ly6h,0.17079851248479241,0.8301377,20
1108,Rph3a,0.16896396787023943,0.9271134,20
1109,Hap1,0.16548302405979273,1.020125,20
